{"initial_reset_timestamp": 1530871224.590411, "timestamps": [1530871251.8311439], "episode_lengths": [1000], "episode_rewards": [-1252.679431316755], "episode_types": ["t", "t"]}